{
  "name": "sombrio bell peak",
  "waveform": "sawtooth",
  "octave": -1,
  "noise_level": 0.0,
  "amp_level": 0.95,
  "cutoff": 1800.0,
  "hpf_cutoff": 160.0,
  "resonance": 0.65,
  "hpf_resonance": 0.2,
  "key_tracking": 0.5,
  "filter_drive": 4.04,
  "filter_routing": "notch_lp",
  "filter_mode": "ladder",
  "attack": 0.001,
  "decay": 0.012025241156265225,
  "sustain": 0.14960629921259844,
  "release": 0.02461417322834646,
  "intensity": 1.0,
  "rank2_enabled": false,
  "rank2_waveform": "sawtooth",
  "rank2_detune": 5.0,
  "rank2_mix": 0.5,
  "sine_mix": 0.0,
  "lfo_freq": 2.2849462147718094,
  "lfo_vco_mod": 0.0,
  "lfo_vcf_mod": 0.0,
  "lfo_vca_mod": 0.0,
  "lfo_shape": "triangle",
  "lfo_target": "vca",
  "lfo_depth": 0.36220472440944884,
  "delay_time": 0.25,
  "delay_feedback": 0.3,
  "delay_mix": 0.06393065153418284,
  "chorus_rate": 0.5039370078740157,
  "chorus_depth": 0.13385826771653545,
  "chorus_mix": 0.469442099889889,
  "chorus_voices": 2,
  "arp_enabled": true,
  "arp_mode": "up_down",
  "arp_gate": 0.3750663742200454,
  "arp_range": 3,
  "voice_type": "poly",
  "feg_attack": 0.060045859316965114,
  "feg_decay": 0.031,
  "feg_sustain": 0.15000000000000002,
  "feg_release": 0.031000141279212357,
  "feg_amount": 0.15000000000000002
}